image_path,label
images\image_0.jpg,safe
images\image_1.jpg,neutral
images\image_2.jpg,harmful
images\image_3.jpg,harmful
images\image_4.jpg,safe
images\image_5.jpg,safe
images\image_6.jpg,safe
images\image_7.jpg,neutral
images\image_8.jpg,harmful
images\image_9.jpg,harmful
images\image_10.jpg,safe
images\image_11.jpg,neutral
images\image_12.jpg,neutral
images\image_13.jpg,safe
images\image_14.jpg,safe
images\image_15.jpg,safe
images\image_16.jpg,safe
images\image_17.jpg,harmful
images\image_18.jpg,safe
images\image_19.jpg,safe
images\image_20.jpg,harmful
images\image_21.jpg,safe
images\image_22.jpg,safe
images\image_23.jpg,safe
images\image_24.jpg,safe
images\image_25.jpg,harmful
images\image_26.jpg,safe
images\image_27.jpg,harmful
images\image_28.jpg,harmful
images\image_29.jpg,safe
images\image_30.jpg,harmful
images\image_31.jpg,safe
images\image_32.jpg,safe
images\image_33.jpg,neutral
images\image_34.jpg,neutral
images\image_35.jpg,neutral
images\image_36.jpg,safe
images\image_37.jpg,safe
images\image_38.jpg,harmful
images\image_39.jpg,safe
images\image_40.jpg,safe
images\image_41.jpg,safe
images\image_42.jpg,safe
images\image_43.jpg,neutral
images\image_44.jpg,safe
images\image_45.jpg,harmful
images\image_46.jpg,safe
images\image_47.jpg,harmful
images\image_48.jpg,harmful
images\image_49.jpg,safe
images\image_50.jpg,neutral
images\image_51.jpg,harmful
images\image_52.jpg,neutral
images\image_53.jpg,neutral
images\image_54.jpg,harmful
images\image_55.jpg,neutral
images\image_56.jpg,safe
images\image_57.jpg,safe
images\image_58.jpg,safe
images\image_59.jpg,safe
images\image_60.jpg,safe
images\image_61.jpg,safe
images\image_62.jpg,neutral
images\image_63.jpg,safe
images\image_64.jpg,safe
images\image_65.jpg,harmful
images\image_66.jpg,safe
images\image_67.jpg,neutral
images\image_68.jpg,safe
images\image_69.jpg,neutral
images\image_70.jpg,harmful
images\image_71.jpg,safe
images\image_72.jpg,safe
images\image_73.jpg,neutral
images\image_74.jpg,harmful
images\image_75.jpg,harmful
images\image_76.jpg,harmful
images\image_77.jpg,safe
images\image_78.jpg,safe
images\image_79.jpg,safe
images\image_80.jpg,neutral
images\image_81.jpg,harmful
images\image_82.jpg,safe
images\image_83.jpg,safe
images\image_84.jpg,safe
images\image_85.jpg,safe
images\image_86.jpg,harmful
images\image_87.jpg,harmful
images\image_88.jpg,neutral
images\image_89.jpg,safe
images\image_90.jpg,safe
images\image_91.jpg,harmful
images\image_92.jpg,harmful
images\image_93.jpg,harmful
images\image_94.jpg,harmful
images\image_95.jpg,safe
images\image_96.jpg,harmful
images\image_97.jpg,safe
images\image_98.jpg,safe
images\image_99.jpg,safe
images\image_100.jpg,safe
images\image_101.jpg,harmful
images\image_102.jpg,safe
images\image_103.jpg,harmful
images\image_104.jpg,neutral
images\image_105.jpg,safe
images\image_106.jpg,safe
images\image_107.jpg,harmful
images\image_108.jpg,safe
images\image_109.jpg,safe
images\image_110.jpg,safe
images\image_111.jpg,safe
images\image_112.jpg,neutral
images\image_113.jpg,neutral
images\image_114.jpg,harmful
images\image_115.jpg,neutral
images\image_116.jpg,neutral
images\image_117.jpg,safe
images\image_118.jpg,neutral
images\image_119.jpg,harmful
images\image_120.jpg,neutral
images\image_121.jpg,neutral
images\image_122.jpg,safe
images\image_123.jpg,safe
images\image_124.jpg,safe
images\image_125.jpg,safe
images\image_126.jpg,neutral
images\image_127.jpg,neutral
images\image_128.jpg,safe
images\image_129.jpg,harmful
images\image_130.jpg,safe
images\image_131.jpg,safe
images\image_132.jpg,safe
images\image_133.jpg,safe
images\image_134.jpg,neutral
images\image_135.jpg,safe
images\image_136.jpg,harmful
images\image_137.jpg,harmful
images\image_138.jpg,safe
images\image_139.jpg,neutral
images\image_140.jpg,neutral
images\image_141.jpg,safe
images\image_142.jpg,safe
images\image_143.jpg,safe
images\image_144.jpg,safe
images\image_145.jpg,safe
images\image_146.jpg,harmful
images\image_147.jpg,harmful
images\image_148.jpg,safe
images\image_149.jpg,safe
images\image_150.jpg,neutral
images\image_151.jpg,safe
images\image_152.jpg,safe
images\image_153.jpg,safe
images\image_154.jpg,neutral
images\image_155.jpg,safe
images\image_156.jpg,harmful
images\image_157.jpg,harmful
images\image_158.jpg,safe
images\image_159.jpg,harmful
images\image_160.jpg,safe
images\image_161.jpg,harmful
images\image_162.jpg,harmful
images\image_163.jpg,harmful
images\image_164.jpg,safe
images\image_165.jpg,neutral
images\image_166.jpg,safe
images\image_167.jpg,safe
images\image_168.jpg,safe
images\image_169.jpg,harmful
images\image_170.jpg,harmful
images\image_171.jpg,safe
images\image_172.jpg,harmful
images\image_173.jpg,safe
images\image_174.jpg,harmful
images\image_175.jpg,safe
images\image_176.jpg,harmful
images\image_177.jpg,safe
images\image_178.jpg,neutral
images\image_179.jpg,safe
images\image_180.jpg,safe
images\image_181.jpg,safe
images\image_182.jpg,neutral
images\image_183.jpg,neutral
images\image_184.jpg,safe
images\image_185.jpg,harmful
images\image_186.jpg,neutral
images\image_187.jpg,harmful
images\image_188.jpg,harmful
images\image_189.jpg,safe
images\image_190.jpg,safe
images\image_191.jpg,neutral
images\image_192.jpg,neutral
images\image_193.jpg,harmful
images\image_194.jpg,safe
images\image_195.jpg,safe
images\image_196.jpg,harmful
images\image_197.jpg,neutral
images\image_198.jpg,neutral
images\image_199.jpg,harmful
images\image_200.jpg,harmful
images\image_201.jpg,safe
images\image_202.jpg,safe
images\image_203.jpg,neutral
images\image_204.jpg,harmful
images\image_205.jpg,safe
images\image_206.jpg,safe
images\image_207.jpg,harmful
images\image_208.jpg,safe
images\image_209.jpg,safe
images\image_210.jpg,harmful
images\image_211.jpg,harmful
images\image_212.jpg,harmful
images\image_213.jpg,safe
images\image_214.jpg,harmful
images\image_215.jpg,safe
images\image_216.jpg,safe
images\image_217.jpg,harmful
images\image_218.jpg,harmful
images\image_219.jpg,neutral
images\image_220.jpg,harmful
images\image_221.jpg,harmful
images\image_222.jpg,safe
images\image_223.jpg,safe
images\image_224.jpg,safe
images\image_225.jpg,safe
images\image_226.jpg,neutral
images\image_227.jpg,safe
images\image_228.jpg,neutral
images\image_229.jpg,harmful
images\image_230.jpg,harmful
images\image_231.jpg,harmful
images\image_232.jpg,harmful
images\image_233.jpg,safe
images\image_234.jpg,safe
images\image_235.jpg,harmful
images\image_236.jpg,safe
images\image_237.jpg,safe
images\image_238.jpg,harmful
images\image_239.jpg,safe
images\image_240.jpg,neutral
images\image_241.jpg,neutral
images\image_242.jpg,neutral
images\image_243.jpg,safe
images\image_244.jpg,safe
images\image_245.jpg,neutral
images\image_246.jpg,safe
images\image_247.jpg,neutral
images\image_248.jpg,neutral
images\image_249.jpg,neutral
images\image_250.jpg,safe
images\image_251.jpg,safe
images\image_252.jpg,neutral
images\image_253.jpg,safe
images\image_254.jpg,safe
images\image_255.jpg,harmful
images\image_256.jpg,neutral
images\image_257.jpg,harmful
images\image_258.jpg,harmful
images\image_259.jpg,safe
images\image_260.jpg,harmful
images\image_261.jpg,neutral
images\image_262.jpg,safe
images\image_263.jpg,harmful
images\image_264.jpg,neutral
images\image_265.jpg,harmful
images\image_266.jpg,harmful
images\image_267.jpg,harmful
images\image_268.jpg,safe
images\image_269.jpg,safe
images\image_270.jpg,neutral
images\image_271.jpg,neutral
images\image_272.jpg,neutral
images\image_273.jpg,neutral
images\image_274.jpg,harmful
images\image_275.jpg,harmful
images\image_276.jpg,harmful
images\image_277.jpg,harmful
images\image_278.jpg,harmful
images\image_279.jpg,harmful
images\image_280.jpg,neutral
images\image_281.jpg,safe
images\image_282.jpg,safe
images\image_283.jpg,safe
images\image_284.jpg,harmful
images\image_285.jpg,safe
images\image_286.jpg,safe
images\image_287.jpg,harmful
images\image_288.jpg,safe
images\image_289.jpg,harmful
images\image_290.jpg,safe
images\image_291.jpg,safe
images\image_292.jpg,neutral
images\image_293.jpg,safe
images\image_294.jpg,safe
images\image_295.jpg,harmful
images\image_296.jpg,harmful
images\image_297.jpg,safe
images\image_298.jpg,harmful
images\image_299.jpg,safe
images\image_300.jpg,safe
images\image_301.jpg,harmful
images\image_302.jpg,harmful
images\image_303.jpg,harmful
images\image_304.jpg,harmful
images\image_305.jpg,neutral
images\image_306.jpg,harmful
images\image_307.jpg,safe
images\image_308.jpg,harmful
images\image_309.jpg,safe
images\image_310.jpg,safe
images\image_311.jpg,safe
images\image_312.jpg,safe
images\image_313.jpg,neutral
images\image_314.jpg,neutral
images\image_315.jpg,harmful
images\image_316.jpg,safe
images\image_317.jpg,safe
images\image_318.jpg,safe
images\image_319.jpg,safe
images\image_320.jpg,harmful
images\image_321.jpg,harmful
images\image_322.jpg,harmful
images\image_323.jpg,safe
images\image_324.jpg,neutral
images\image_325.jpg,harmful
images\image_326.jpg,harmful
images\image_327.jpg,harmful
images\image_328.jpg,safe
images\image_329.jpg,safe
images\image_330.jpg,safe
images\image_331.jpg,harmful
images\image_332.jpg,safe
images\image_333.jpg,safe
images\image_334.jpg,safe
images\image_335.jpg,safe
images\image_336.jpg,neutral
images\image_337.jpg,harmful
images\image_338.jpg,safe
images\image_339.jpg,safe
images\image_340.jpg,safe
images\image_341.jpg,safe
images\image_342.jpg,safe
images\image_343.jpg,safe
images\image_344.jpg,safe
images\image_345.jpg,harmful
images\image_346.jpg,harmful
images\image_347.jpg,safe
images\image_348.jpg,safe
images\image_349.jpg,harmful
images\image_350.jpg,harmful
images\image_351.jpg,neutral
images\image_352.jpg,harmful
images\image_353.jpg,safe
images\image_354.jpg,safe
images\image_355.jpg,harmful
images\image_356.jpg,safe
images\image_357.jpg,harmful
images\image_358.jpg,neutral
images\image_359.jpg,harmful
images\image_360.jpg,safe
images\image_361.jpg,harmful
images\image_362.jpg,safe
images\image_363.jpg,harmful
images\image_364.jpg,neutral
images\image_365.jpg,safe
images\image_366.jpg,neutral
images\image_367.jpg,neutral
images\image_368.jpg,safe
images\image_369.jpg,safe
images\image_370.jpg,safe
images\image_371.jpg,safe
images\image_372.jpg,safe
images\image_373.jpg,harmful
images\image_374.jpg,safe
images\image_375.jpg,safe
images\image_376.jpg,neutral
images\image_377.jpg,safe
images\image_378.jpg,neutral
images\image_379.jpg,safe
images\image_380.jpg,safe
images\image_381.jpg,harmful
images\image_382.jpg,harmful
images\image_383.jpg,neutral
images\image_384.jpg,harmful
images\image_385.jpg,neutral
images\image_386.jpg,safe
images\image_387.jpg,safe
images\image_388.jpg,harmful
images\image_389.jpg,neutral
images\image_390.jpg,neutral
images\image_391.jpg,safe
images\image_392.jpg,safe
images\image_393.jpg,harmful
images\image_394.jpg,safe
images\image_395.jpg,neutral
images\image_396.jpg,neutral
images\image_397.jpg,safe
images\image_398.jpg,harmful
images\image_399.jpg,harmful
images\image_400.jpg,safe
images\image_401.jpg,neutral
images\image_402.jpg,harmful
images\image_403.jpg,neutral
images\image_404.jpg,safe
images\image_405.jpg,neutral
images\image_406.jpg,safe
images\image_407.jpg,safe
images\image_408.jpg,neutral
images\image_409.jpg,safe
images\image_410.jpg,safe
images\image_411.jpg,neutral
images\image_412.jpg,neutral
images\image_413.jpg,harmful
images\image_414.jpg,harmful
images\image_415.jpg,safe
images\image_416.jpg,safe
images\image_417.jpg,safe
images\image_418.jpg,harmful
images\image_419.jpg,harmful
images\image_420.jpg,harmful
images\image_421.jpg,harmful
images\image_422.jpg,safe
images\image_423.jpg,safe
images\image_424.jpg,safe
images\image_425.jpg,harmful
images\image_426.jpg,safe
images\image_427.jpg,neutral
images\image_428.jpg,safe
images\image_429.jpg,safe
images\image_430.jpg,safe
images\image_431.jpg,harmful
images\image_432.jpg,harmful
images\image_433.jpg,safe
images\image_434.jpg,safe
images\image_435.jpg,harmful
images\image_436.jpg,safe
images\image_437.jpg,neutral
images\image_438.jpg,harmful
images\image_439.jpg,safe
images\image_440.jpg,safe
images\image_441.jpg,neutral
images\image_442.jpg,safe
images\image_443.jpg,safe
images\image_444.jpg,neutral
images\image_445.jpg,neutral
images\image_446.jpg,neutral
images\image_447.jpg,harmful
images\image_448.jpg,safe
images\image_449.jpg,safe
images\image_450.jpg,harmful
images\image_451.jpg,harmful
images\image_452.jpg,safe
images\image_453.jpg,neutral
images\image_454.jpg,safe
images\image_455.jpg,safe
images\image_456.jpg,safe
images\image_457.jpg,safe
images\image_458.jpg,safe
images\image_459.jpg,safe
images\image_460.jpg,safe
images\image_461.jpg,harmful
images\image_462.jpg,harmful
images\image_463.jpg,harmful
images\image_464.jpg,neutral
images\image_465.jpg,safe
images\image_466.jpg,safe
images\image_467.jpg,neutral
images\image_468.jpg,safe
images\image_469.jpg,neutral
images\image_470.jpg,safe
images\image_471.jpg,neutral
images\image_472.jpg,safe
images\image_473.jpg,neutral
images\image_474.jpg,harmful
images\image_475.jpg,neutral
images\image_476.jpg,safe
images\image_477.jpg,harmful
images\image_478.jpg,neutral
images\image_479.jpg,harmful
images\image_480.jpg,harmful
images\image_481.jpg,harmful
images\image_482.jpg,safe
images\image_483.jpg,harmful
images\image_484.jpg,harmful
images\image_485.jpg,neutral
images\image_486.jpg,safe
images\image_487.jpg,safe
images\image_488.jpg,neutral
images\image_489.jpg,neutral
images\image_490.jpg,safe
images\image_491.jpg,harmful
images\image_492.jpg,safe
images\image_493.jpg,safe
images\image_494.jpg,safe
images\image_495.jpg,safe
images\image_496.jpg,harmful
images\image_497.jpg,safe
images\image_498.jpg,neutral
images\image_499.jpg,neutral
images\image_500.jpg,harmful
images\image_501.jpg,harmful
images\image_502.jpg,safe
images\image_503.jpg,neutral
images\image_504.jpg,harmful
images\image_505.jpg,safe
images\image_506.jpg,neutral
images\image_507.jpg,neutral
images\image_508.jpg,neutral
images\image_509.jpg,harmful
images\image_510.jpg,harmful
images\image_511.jpg,safe
images\image_512.jpg,neutral
images\image_513.jpg,neutral
images\image_514.jpg,safe
images\image_515.jpg,safe
images\image_516.jpg,safe
images\image_517.jpg,neutral
images\image_518.jpg,neutral
images\image_519.jpg,safe
images\image_520.jpg,harmful
images\image_521.jpg,safe
images\image_522.jpg,neutral
images\image_523.jpg,neutral
images\image_524.jpg,neutral
images\image_525.jpg,safe
images\image_526.jpg,safe
images\image_527.jpg,safe
images\image_528.jpg,safe
images\image_529.jpg,neutral
images\image_530.jpg,neutral
images\image_531.jpg,neutral
images\image_532.jpg,neutral
images\image_533.jpg,harmful
images\image_534.jpg,harmful
images\image_535.jpg,neutral
images\image_536.jpg,neutral
images\image_537.jpg,safe
images\image_538.jpg,safe
images\image_539.jpg,safe
images\image_540.jpg,neutral
images\image_541.jpg,harmful
images\image_542.jpg,safe
images\image_543.jpg,harmful
images\image_544.jpg,harmful
images\image_545.jpg,safe
images\image_546.jpg,safe
images\image_547.jpg,harmful
images\image_548.jpg,harmful
images\image_549.jpg,harmful
images\image_550.jpg,harmful
images\image_551.jpg,neutral
images\image_552.jpg,harmful
images\image_553.jpg,harmful
images\image_554.jpg,neutral
images\image_555.jpg,safe
images\image_556.jpg,safe
images\image_557.jpg,safe
images\image_558.jpg,harmful
images\image_559.jpg,harmful
images\image_560.jpg,harmful
images\image_561.jpg,safe
images\image_562.jpg,safe
images\image_563.jpg,safe
images\image_564.jpg,safe
images\image_565.jpg,harmful
images\image_566.jpg,safe
images\image_567.jpg,safe
images\image_568.jpg,neutral
images\image_569.jpg,safe
images\image_570.jpg,harmful
images\image_571.jpg,harmful
images\image_572.jpg,safe
images\image_573.jpg,harmful
images\image_574.jpg,neutral
images\image_575.jpg,neutral
images\image_576.jpg,safe
images\image_577.jpg,neutral
images\image_578.jpg,safe
images\image_579.jpg,safe
images\image_580.jpg,safe
images\image_581.jpg,neutral
images\image_582.jpg,safe
images\image_583.jpg,safe
images\image_584.jpg,harmful
images\image_585.jpg,safe
images\image_586.jpg,safe
images\image_587.jpg,safe
images\image_588.jpg,safe
images\image_589.jpg,safe
images\image_590.jpg,safe
images\image_591.jpg,harmful
images\image_592.jpg,safe
images\image_593.jpg,safe
images\image_594.jpg,neutral
images\image_595.jpg,safe
images\image_596.jpg,harmful
images\image_597.jpg,safe
images\image_598.jpg,safe
images\image_599.jpg,safe
images\image_600.jpg,safe
images\image_601.jpg,safe
images\image_602.jpg,safe
images\image_603.jpg,safe
images\image_604.jpg,safe
images\image_605.jpg,safe
images\image_606.jpg,safe
images\image_607.jpg,safe
images\image_608.jpg,harmful
images\image_609.jpg,harmful
images\image_610.jpg,safe
images\image_611.jpg,harmful
images\image_612.jpg,harmful
images\image_613.jpg,safe
images\image_614.jpg,neutral
images\image_615.jpg,neutral
images\image_616.jpg,safe
images\image_617.jpg,safe
images\image_618.jpg,neutral
images\image_619.jpg,harmful
images\image_620.jpg,safe
images\image_621.jpg,safe
images\image_622.jpg,safe
images\image_623.jpg,safe
images\image_624.jpg,harmful
images\image_625.jpg,safe
images\image_626.jpg,safe
images\image_627.jpg,harmful
images\image_628.jpg,safe
images\image_629.jpg,safe
images\image_630.jpg,harmful
images\image_631.jpg,neutral
images\image_632.jpg,harmful
images\image_633.jpg,harmful
images\image_634.jpg,safe
images\image_635.jpg,safe
images\image_636.jpg,harmful
images\image_637.jpg,safe
images\image_638.jpg,safe
images\image_639.jpg,safe
images\image_640.jpg,safe
images\image_641.jpg,safe
images\image_642.jpg,safe
images\image_643.jpg,safe
images\image_644.jpg,safe
images\image_645.jpg,neutral
images\image_646.jpg,harmful
images\image_647.jpg,harmful
images\image_648.jpg,harmful
images\image_649.jpg,safe
images\image_650.jpg,safe
images\image_651.jpg,harmful
images\image_652.jpg,harmful
images\image_653.jpg,harmful
images\image_654.jpg,safe
images\image_655.jpg,safe
images\image_656.jpg,safe
images\image_657.jpg,safe
images\image_658.jpg,harmful
images\image_659.jpg,harmful
images\image_660.jpg,safe
images\image_661.jpg,neutral
images\image_662.jpg,harmful
images\image_663.jpg,safe
images\image_664.jpg,safe
images\image_665.jpg,safe
images\image_666.jpg,safe
images\image_667.jpg,safe
images\image_668.jpg,safe
images\image_669.jpg,safe
images\image_670.jpg,safe
images\image_671.jpg,neutral
images\image_672.jpg,safe
images\image_673.jpg,harmful
images\image_674.jpg,safe
images\image_675.jpg,neutral
images\image_676.jpg,safe
images\image_677.jpg,safe
images\image_678.jpg,neutral
images\image_679.jpg,neutral
images\image_680.jpg,neutral
images\image_681.jpg,safe
images\image_682.jpg,safe
images\image_683.jpg,harmful
images\image_684.jpg,neutral
images\image_685.jpg,harmful
images\image_686.jpg,harmful
images\image_687.jpg,safe
images\image_688.jpg,harmful
images\image_689.jpg,safe
images\image_690.jpg,safe
images\image_691.jpg,safe
images\image_692.jpg,harmful
images\image_693.jpg,safe
images\image_694.jpg,safe
images\image_695.jpg,harmful
images\image_696.jpg,safe
images\image_697.jpg,harmful
images\image_698.jpg,safe
images\image_699.jpg,safe
images\image_700.jpg,harmful
images\image_701.jpg,safe
images\image_702.jpg,safe
images\image_703.jpg,safe
images\image_704.jpg,safe
images\image_705.jpg,neutral
images\image_706.jpg,safe
images\image_707.jpg,neutral
images\image_708.jpg,safe
images\image_709.jpg,harmful
images\image_710.jpg,harmful
images\image_711.jpg,harmful
images\image_712.jpg,safe
images\image_713.jpg,safe
images\image_714.jpg,safe
images\image_715.jpg,neutral
images\image_716.jpg,neutral
images\image_717.jpg,neutral
images\image_718.jpg,safe
images\image_719.jpg,harmful
images\image_720.jpg,neutral
images\image_721.jpg,safe
images\image_722.jpg,safe
images\image_723.jpg,harmful
images\image_724.jpg,harmful
images\image_725.jpg,neutral
images\image_726.jpg,safe
images\image_727.jpg,harmful
images\image_728.jpg,safe
images\image_729.jpg,safe
images\image_730.jpg,safe
images\image_731.jpg,neutral
images\image_732.jpg,harmful
images\image_733.jpg,harmful
images\image_734.jpg,safe
images\image_735.jpg,neutral
images\image_736.jpg,safe
images\image_737.jpg,neutral
images\image_738.jpg,safe
images\image_739.jpg,safe
images\image_740.jpg,safe
images\image_741.jpg,safe
images\image_742.jpg,harmful
images\image_743.jpg,harmful
images\image_744.jpg,safe
images\image_745.jpg,neutral
images\image_746.jpg,safe
images\image_747.jpg,harmful
images\image_748.jpg,neutral
images\image_749.jpg,harmful
images\image_750.jpg,safe
images\image_751.jpg,neutral
images\image_752.jpg,harmful
images\image_753.jpg,safe
images\image_754.jpg,safe
images\image_755.jpg,harmful
images\image_756.jpg,harmful
images\image_757.jpg,harmful
images\image_758.jpg,neutral
images\image_759.jpg,harmful
images\image_760.jpg,safe
images\image_761.jpg,safe
images\image_762.jpg,safe
images\image_763.jpg,harmful
images\image_764.jpg,safe
images\image_765.jpg,harmful
images\image_766.jpg,harmful
images\image_767.jpg,neutral
images\image_768.jpg,safe
images\image_769.jpg,neutral
images\image_770.jpg,safe
images\image_771.jpg,neutral
images\image_772.jpg,safe
images\image_773.jpg,safe
images\image_774.jpg,harmful
images\image_775.jpg,safe
images\image_776.jpg,safe
images\image_777.jpg,harmful
images\image_778.jpg,harmful
images\image_779.jpg,harmful
images\image_780.jpg,harmful
images\image_781.jpg,harmful
images\image_782.jpg,safe
images\image_783.jpg,safe
images\image_784.jpg,safe
images\image_785.jpg,neutral
images\image_786.jpg,harmful
images\image_787.jpg,safe
images\image_788.jpg,safe
images\image_789.jpg,neutral
images\image_790.jpg,safe
images\image_791.jpg,harmful
images\image_792.jpg,harmful
images\image_793.jpg,harmful
images\image_794.jpg,safe
images\image_795.jpg,neutral
images\image_796.jpg,neutral
images\image_797.jpg,harmful
images\image_798.jpg,harmful
images\image_799.jpg,neutral
images\image_800.jpg,harmful
images\image_801.jpg,safe
images\image_802.jpg,harmful
images\image_803.jpg,harmful
images\image_804.jpg,safe
images\image_805.jpg,harmful
images\image_806.jpg,neutral
images\image_807.jpg,neutral
images\image_808.jpg,safe
images\image_809.jpg,safe
images\image_810.jpg,neutral
images\image_811.jpg,neutral
images\image_812.jpg,safe
images\image_813.jpg,neutral
images\image_814.jpg,neutral
images\image_815.jpg,harmful
images\image_816.jpg,harmful
images\image_817.jpg,safe
images\image_818.jpg,safe
images\image_819.jpg,safe
images\image_820.jpg,neutral
images\image_821.jpg,safe
images\image_822.jpg,safe
images\image_823.jpg,safe
images\image_824.jpg,harmful
images\image_825.jpg,neutral
images\image_826.jpg,safe
images\image_827.jpg,safe
images\image_828.jpg,harmful
images\image_829.jpg,safe
images\image_830.jpg,safe
images\image_831.jpg,safe
images\image_832.jpg,safe
images\image_833.jpg,safe
images\image_834.jpg,safe
images\image_835.jpg,safe
images\image_836.jpg,neutral
images\image_837.jpg,safe
images\image_838.jpg,harmful
images\image_839.jpg,harmful
images\image_840.jpg,safe
images\image_841.jpg,harmful
images\image_842.jpg,safe
images\image_843.jpg,neutral
images\image_844.jpg,safe
images\image_845.jpg,safe
images\image_846.jpg,safe
images\image_847.jpg,neutral
images\image_848.jpg,harmful
images\image_849.jpg,harmful
images\image_850.jpg,safe
images\image_851.jpg,harmful
images\image_852.jpg,safe
images\image_853.jpg,neutral
images\image_854.jpg,safe
images\image_855.jpg,safe
images\image_856.jpg,safe
images\image_857.jpg,safe
images\image_858.jpg,harmful
images\image_859.jpg,safe
images\image_860.jpg,harmful
images\image_861.jpg,safe
images\image_862.jpg,harmful
images\image_863.jpg,safe
images\image_864.jpg,safe
images\image_865.jpg,harmful
images\image_866.jpg,safe
images\image_867.jpg,safe
images\image_868.jpg,neutral
images\image_869.jpg,neutral
images\image_870.jpg,safe
images\image_871.jpg,safe
images\image_872.jpg,harmful
images\image_873.jpg,safe
images\image_874.jpg,safe
images\image_875.jpg,safe
images\image_876.jpg,harmful
images\image_877.jpg,harmful
images\image_878.jpg,safe
images\image_879.jpg,safe
images\image_880.jpg,safe
images\image_881.jpg,harmful
images\image_882.jpg,safe
images\image_883.jpg,safe
images\image_884.jpg,harmful
images\image_885.jpg,safe
images\image_886.jpg,harmful
images\image_887.jpg,safe
images\image_888.jpg,safe
images\image_889.jpg,safe
images\image_890.jpg,harmful
images\image_891.jpg,neutral
images\image_892.jpg,neutral
images\image_893.jpg,safe
images\image_894.jpg,harmful
images\image_895.jpg,safe
images\image_896.jpg,safe
images\image_897.jpg,neutral
images\image_898.jpg,safe
images\image_899.jpg,safe
images\image_900.jpg,safe
images\image_901.jpg,safe
images\image_902.jpg,safe
images\image_903.jpg,harmful
images\image_904.jpg,safe
images\image_905.jpg,neutral
images\image_906.jpg,neutral
images\image_907.jpg,safe
images\image_908.jpg,safe
images\image_909.jpg,safe
images\image_910.jpg,harmful
images\image_911.jpg,safe
images\image_912.jpg,harmful
images\image_913.jpg,safe
images\image_914.jpg,harmful
images\image_915.jpg,safe
images\image_916.jpg,safe
images\image_917.jpg,neutral
images\image_918.jpg,harmful
images\image_919.jpg,safe
images\image_920.jpg,neutral
images\image_921.jpg,safe
images\image_922.jpg,neutral
images\image_923.jpg,harmful
images\image_924.jpg,safe
images\image_925.jpg,safe
images\image_926.jpg,safe
images\image_927.jpg,harmful
images\image_928.jpg,harmful
images\image_929.jpg,safe
images\image_930.jpg,safe
images\image_931.jpg,neutral
images\image_932.jpg,neutral
images\image_933.jpg,harmful
images\image_934.jpg,safe
images\image_935.jpg,safe
images\image_936.jpg,safe
images\image_937.jpg,neutral
images\image_938.jpg,safe
images\image_939.jpg,harmful
images\image_940.jpg,safe
images\image_941.jpg,harmful
images\image_942.jpg,harmful
images\image_943.jpg,neutral
images\image_944.jpg,safe
images\image_945.jpg,safe
images\image_946.jpg,safe
images\image_947.jpg,neutral
images\image_948.jpg,neutral
images\image_949.jpg,harmful
images\image_950.jpg,harmful
images\image_951.jpg,harmful
images\image_952.jpg,safe
images\image_953.jpg,neutral
images\image_954.jpg,safe
images\image_955.jpg,safe
images\image_956.jpg,harmful
images\image_957.jpg,safe
images\image_958.jpg,safe
images\image_959.jpg,harmful
images\image_960.jpg,safe
images\image_961.jpg,harmful
images\image_962.jpg,safe
images\image_963.jpg,safe
images\image_964.jpg,safe
images\image_965.jpg,safe
images\image_966.jpg,harmful
images\image_967.jpg,safe
images\image_968.jpg,harmful
images\image_969.jpg,safe
images\image_970.jpg,harmful
images\image_971.jpg,neutral
images\image_972.jpg,harmful
images\image_973.jpg,safe
images\image_974.jpg,safe
images\image_975.jpg,safe
images\image_976.jpg,harmful
images\image_977.jpg,safe
images\image_978.jpg,safe
images\image_979.jpg,harmful
images\image_980.jpg,safe
images\image_981.jpg,harmful
images\image_982.jpg,safe
images\image_983.jpg,safe
images\image_984.jpg,harmful
images\image_985.jpg,safe
images\image_986.jpg,harmful
images\image_987.jpg,safe
images\image_988.jpg,safe
images\image_989.jpg,neutral
images\image_990.jpg,harmful
images\image_991.jpg,harmful
images\image_992.jpg,safe
images\image_993.jpg,harmful
images\image_994.jpg,safe
images\image_995.jpg,safe
images\image_996.jpg,neutral
images\image_997.jpg,safe
images\image_998.jpg,neutral
images\image_999.jpg,safe
